<?xml version="1.0" encoding="UTF-8"?>
<confiramtion>
<apartmentName>Sun</apartmentName>
		<totalCost>150</totalCost>
		<dateBegin>130520</dateBegin>
		<dateFinish>200520</dateFinish>
		<numOfGuests>4</numOfGuests>
		<sleepRooms>2</sleepRooms>
		<sofa>Yes</sofa>
		<toilets>3</toilets>
<apartmentName>Mercury</apartmentName>
		<totalCost>110</totalCost>
		<dateBegin>140520</dateBegin>
		<dateFinish>210520</dateFinish>
		<numOfGuests>3</numOfGuests>
		<toilets>2</toilets>
		<sleepRooms>2</sleepRooms>
<apartmentID>002</apartmentID>
		<apartmentName>Venus</apartmentName>
		<totalCost>120</totalCost>
		<dateBegin>150520</dateBegin>
		<dateFinish>220520</dateFinish>
		<numOfGuests>2</numOfGuests>
		<sleepRooms>1</sleepRooms>
		<sofa>Yes</sofa>
		<toilets>1</toilets>
<apartmentName>Earth</apartmentName>
		<totalCost>130</totalCost>
		<dateBegin>160520</dateBegin>
		<dateFinish>200520</dateFinish>
		<numOfGuests>3</numOfGuests>
		<sleepRooms>2</sleepRooms>
		<sofa>Yes</sofa>
		<toilets>1</toilets>
<apartmentName>Mars</apartmentName>
		<totalCost>120</totalCost>
		<dateBegin>150520</dateBegin>
		<dateFinish>220520</dateFinish>
		<numOfGuests>4</numOfGuests>
		<sleepRooms>2</sleepRooms>
		<sofa>No</sofa>
		<toilets>2</toilets>
<apartmentName>Jupiter</apartmentName>
		<totalCost>160</totalCost>
		<dateBegin>160520</dateBegin>
		<dateFinish>250520</dateFinish>
		<numOfGuests>5</numOfGuests>
		<sleepRooms>5</sleepRooms>
		<sofa>Yes</sofa>
		<toilets>4</toilets>
<apartmentName>Saturn</apartmentName>
		<totalCost>140</totalCost>
		<dateBegin>180520</dateBegin>
		<dateFinish>270520</dateFinish>
		<numOfGuests>4</numOfGuests>
		<sleepRooms>3</sleepRooms>
		<sofa>No</sofa>
		<toilets>2</toilets>
<apartmentName>Uranus</apartmentName>
		<totalCost>120</totalCost>
		<dateBegin>200520</dateBegin>
		<dateFinish>220520</dateFinish>
		<numOfGuests>3</numOfGuests>
		<sleepRooms>2</sleepRooms>
		<sofa>Yes</sofa>
		<toilets>1</toilets>
<apartmentName>Neptune</apartmentName>
		<totalCost>140</totalCost>
		<dateBegin>220520</dateBegin>
		<dateFinish>050620</dateFinish>
		<numOfGuests>5</numOfGuests>
		<sleepRooms>3</sleepRooms>
		<toilets>3</toilets>
		<sofa>Yes</sofa>
<apartmentName>Pluto</apartmentName>
		<totalCost>110</totalCost>
		<dateBegin>210520</dateBegin>
		<dateFinish>300520</dateFinish>
		<numOfGuests>1</numOfGuests>
		<sleepRooms>1</sleepRooms>
		<toilets>1</toilets>
		<sofa>No</sofa>
</confiramtion>